initial,last,min
2.0713158,1.0702835,0.2942265
1.7859734,0.35909867,0.13826947
1.910699,1.2661,1.0199244
1.9593437,0.31319833,0.30003706
1.86951,1.0242709,1.0220889
1.7244287,0.13006577,0.12828049
1.8808452,0.08929341,0.08533211
1.2522475,0.8498238,0.8312687
1.3766681,0.6433221,0.61506194
2.1398573,1.0958046,0.18862486
