initial,last,min
1.9926847,0.32927907,0.26714507
1.7910525,0.55005246,0.13541654
1.9952136,1.0207992,0.807561
1.953417,0.26506233,0.26506233
1.8988652,1.279994,0.36408105
1.7023054,0.22866875,0.22866875
1.8527137,0.42039928,0.124168426
1.251471,0.3510273,0.3510273
1.3687228,0.7315879,0.73114735
2.1084054,1.0381212,0.7669181
