initial,last,min
2.0737526,0.32755116,0.31191418
1.7900385,1.5370525,1.16175
1.9866786,1.0175844,0.960791
1.9574252,0.16138136,0.15631641
1.8657452,1.570848,0.90003896
1.7122566,0.067929015,0.067929015
1.8685331,0.2236797,0.06713748
1.2418875,0.8970419,0.7707442
1.3419098,1.2736274,0.7273515
2.1047244,1.2590829,1.1582786
