initial,last,min
2.0565627,0.948069,0.91728
1.7956918,0.24713583,0.13705695
1.9288025,1.109936,1.0459003
1.9593437,0.06619197,0.060858693
1.8896086,1.0655457,1.0640626
1.7326887,0.111271076,0.072321564
1.8448491,0.20752607,0.11233997
1.2466131,0.76896334,0.7601919
1.3763478,1.1953185,0.73882324
2.06582,1.4665394,1.1970195
