initial,last,min
2.076862,1.1554753,1.0707827
1.7899611,1.0006615,0.9546332
1.9014466,1.1619747,1.056221
1.9703583,0.48792553,0.2465054
1.8786112,0.39834023,0.2711428
1.7148801,0.31029,0.17752995
1.8257986,1.4617208,0.12293448
1.2520264,0.1961989,0.16457455
1.3840061,0.7802236,0.6429307
2.0617576,1.3404225,0.99734443
