initial,last,min
1.9926847,1.2394222,0.9424957
1.7955109,0.7381399,0.7381399
1.9761424,1.1692342,1.0492187
1.9713963,0.45439923,0.076741874
1.8880062,1.4403802,1.2605819
1.7146316,0.6598855,0.28314403
1.8804277,0.4004315,0.2316384
1.2451423,1.0072718,0.85410714
1.3665183,0.9421587,0.904146
1.9938443,1.0982718,1.0918081
