initial,last,min
2.0388665,1.0900121,0.98915136
1.8101643,0.22880632,0.22880632
1.9581176,0.43381575,0.43186545
2.0075455,0.1545994,0.1545994
1.8926324,0.49080002,0.18053338
1.7094936,0.12519526,0.039986257
1.8547906,0.42132837,0.10224038
1.2413982,0.18912289,0.17004259
1.3744802,1.1448557,0.98147374
2.0786293,0.98130333,0.82564986
