initial,last,min
2.0978723,1.1495273,0.8001076
1.8061447,0.2700753,0.134423
1.910699,1.0251718,1.0202482
1.956734,0.6347326,0.18313041
1.862636,1.0061496,0.5333515
1.7023054,0.15187036,0.06829231
1.8785405,0.28292775,0.08955943
1.2437333,0.38164705,0.37789008
1.3694297,0.9586296,0.8155019
2.0930085,1.0812556,1.0812556
