initial,last,min
1.2621456,0.1424021,0.015869562
1.9388517,1.3161373,0.9972758
2.8155773,1.2182858,1.1603795
