initial,last,min
1.2753152,0.033224877,0.032760765
1.917088,1.0162848,0.988797
2.8197713,1.4462212,1.4462212
