initial,last,min
1.2881771,0.28064427,0.28064427
1.9492775,1.4319522,1.1822975
2.826437,1.2210972,1.0452133
