initial,last,min
1.2734435,0.06983314,0.06575068
1.9457211,1.2519016,1.0532205
2.838229,1.4988815,1.4948834
