initial,last,min
1.2249329,0.05334009,0.04899177
1.8717065,0.3859293,0.37237576
2.7302616,1.0341204,1.0042083
