initial,last,min
1.2404212,0.59424937,0.59424937
1.8739033,1.0896887,1.0612854
2.7083032,0.5978542,0.5957942
