initial,last,min
1.2249329,0.50729793,0.48822215
1.8822619,0.8039891,0.8035136
2.716575,0.2880163,0.28120622
