initial,last,min
1.2302307,0.03211516,0.028927682
1.8929666,0.9986053,0.95501727
2.7269433,1.6724957,1.6617925
