initial,last,min
1.9826107,0.3236308,0.3236308
1.9045868,0.48866257,0.08803377
2.9556806,0.45258614,0.43259838
2.9054878,1.1587973,0.9812898
1.965826,0.59773886,0.5690443
1.8468386,1.3055174,0.9496442
1.6743867,1.3030515,0.79515463
4.1303315,3.1697376,2.5096974
2.2541697,1.3457601,1.0240436
1.1697947,0.6906265,0.30878577
