initial,last,min
2.001164,0.056725595,0.056725595
1.9153589,1.3885783,1.2180637
2.8309004,0.962078,0.8650511
2.9103582,1.785506,1.4060755
1.9672791,1.3547428,0.993771
1.8610758,0.84655637,0.84655637
1.7047101,0.203922,0.203922
4.1161056,1.7848033,1.7622308
2.2706556,0.3782066,0.20699729
1.1727246,0.39615119,0.06472565
