initial,last,min
1.9934629,0.12361417,0.115570575
1.9280792,0.45124716,0.2223417
2.9350557,1.4935176,0.21406816
2.9247935,1.0450294,1.0450294
1.9864463,1.4910487,0.7684917
1.8727888,1.2013085,1.0469053
1.6302583,0.89758664,0.78599906
4.1720586,1.5077243,1.5025742
2.2706504,0.63260865,0.49512073
1.1627201,0.19906816,0.046896785
