initial,last,min
2.0029285,0.21726981,0.06391636
1.9192598,1.5921413,1.0346183
3.020916,1.0537204,0.6904916
2.9786158,0.7573997,0.43530014
1.9708,1.0160635,0.9681799
1.8584445,0.87990904,0.8549343
1.6843412,0.7277401,0.7277401
4.1404166,1.0969267,1.0837374
2.2639194,0.27328318,0.15986805
1.1679873,0.76814747,0.76814747
