initial,last,min
1.9727285,0.7348278,0.23498712
1.9156071,1.091542,0.968771
2.8996565,1.0742245,0.86491066
2.9629347,1.1773572,1.0543995
1.9494438,0.8598472,0.7494907
1.869997,0.9978578,0.86481285
1.7006601,0.09609247,0.09596323
4.146583,2.7561157,2.2275145
2.2228239,1.2398033,1.114151
1.163498,0.98729336,0.82530373
