initial,last,min
2.0062726,0.042813662,0.039308332
1.903308,1.1256834,0.6405118
2.8855152,0.5431654,0.51667976
2.9578583,1.009754,1.009754
1.9820255,0.38595504,0.37546793
1.8369907,1.334923,0.679936
1.7018062,0.030496167,0.027359558
4.122048,2.3050714,2.1940048
2.2013278,0.70598793,0.68806297
1.161388,0.8402799,0.6656326
