initial,last,min
1.9826107,0.52823144,0.31909356
1.9177175,1.2169349,0.94608766
2.845372,1.3920485,1.3250324
2.938567,1.0800241,1.0800241
1.9782492,0.91752416,0.91752416
1.8589246,1.1020712,0.86567473
1.6594192,0.91770023,0.7783019
4.1584926,1.6563122,1.6500515
2.292177,1.1822807,1.1733937
1.1413271,0.3102819,0.31005073
