initial,last,min
1.9826107,0.17091939,0.14463696
1.9216398,1.0486317,0.98844784
2.9255223,1.3406726,1.3391122
2.9115787,1.2878017,1.1751513
1.9844494,0.92130226,0.8603477
1.8584445,1.3152498,0.926945
1.6938411,0.58225715,0.58225715
4.1584926,2.4270077,2.2529938
2.2013278,1.1620646,0.9247884
1.1646417,0.12906238,0.12746897
