initial,last,min
2.001164,0.30391255,0.10263848
1.9045868,1.2189733,0.9561704
3.0038311,0.87570626,0.16486453
2.9447584,1.2553506,1.0900327
1.9494438,1.1447767,1.0750743
1.8559734,1.0961744,1.0961744
1.7061027,0.0734269,0.07019409
4.153717,2.3115401,2.3115401
2.2027168,0.36520386,0.36520386
1.1664822,0.79882157,0.7673282
