initial,last,min
1.9727285,1.0011855,0.7890763
1.9145159,0.33950824,0.24763829
2.8855152,1.2788055,1.1146625
2.9668622,1.4535782,1.205762
1.9872655,0.34260675,0.29760933
1.868469,1.371577,0.93458104
1.6969926,0.86831516,0.6613544
4.129817,1.6312859,1.605737
2.2153866,1.3695953,1.1433254
1.1432675,0.17794734,0.17794734
