initial,last,min
1.9962618,0.19343945,0.18788175
1.9366006,1.0596424,0.9459506
2.893301,1.4452689,1.4452689
2.8831038,1.7006028,1.4470916
1.9785107,0.88836575,0.62577873
1.8457856,0.9759085,0.9759085
1.6699325,0.81809413,0.81809413
4.128837,1.5597343,1.3330101
2.2312698,1.4368634,1.1587316
1.1730502,0.9768276,0.6488296
