initial,last,min
1.9998103,0.11154229,0.08620771
1.9144713,1.1741078,0.80418175
2.9324384,1.3042033,1.2617908
2.96069,0.28904027,0.23772901
1.9708,1.2761353,0.89894724
1.8457856,1.0041084,0.9748787
1.7100457,0.9719893,0.94678086
4.129817,2.1036234,1.3161317
2.2706504,0.2826883,0.2826883
1.1628293,0.29791182,0.29336467
