initial,last,min
2.001164,0.40120277,0.13375916
1.9201826,0.8618555,0.0650296
2.9343495,0.27241433,0.2450968
2.9648051,1.3634387,1.3634387
1.9609479,1.4369428,1.0302135
1.8704221,0.5268792,0.50100577
1.6594192,1.0559969,0.82967556
4.12247,1.8752631,1.8673366
2.251917,1.159355,1.0867728
1.1534158,0.09291593,0.09291593
