initial,last,min
2.0007477,0.4793879,0.13492821
1.9159216,0.52515525,0.12008933
2.9243512,0.15729353,0.14843489
2.9156494,0.36266404,0.30187514
1.9692032,0.8245314,0.8103582
1.8477775,0.82914925,0.79912984
1.6876092,0.07787326,0.07437864
4.1161056,2.9641137,2.7768285
2.2360911,1.3807166,1.0508542
1.1679873,0.06354183,0.060967736
