initial,last,min
2.0007477,0.5350032,0.51434726
1.9428898,1.0921359,0.8950743
3.015927,0.87680495,0.85624295
2.9247935,1.0762942,1.0523456
1.9766037,1.3386253,0.9834539
1.8606445,0.40585816,0.39364234
1.6984975,0.35880494,0.35262954
4.1288695,1.6050751,1.3726997
2.2704735,0.27812374,0.26254165
1.1784527,0.15693918,0.04035225
