initial,last,min
2.0005736,0.09903932,0.044288207
1.9153589,1.2505019,0.96734154
2.8309004,0.65636504,0.63558125
2.9728193,1.1135051,1.0277938
1.979459,0.87098426,0.8621256
1.8670615,0.71916467,0.7175259
1.6935416,0.68597806,0.404277
4.1485066,1.8657995,1.3267202
2.2587783,0.37366024,0.24205254
1.1413271,0.40726614,0.31160334
