initial,last,min
1.9934629,0.10980787,0.095617
1.9258085,1.0294915,0.9339507
2.9344032,1.3869221,1.3375992
2.9756672,1.0710245,1.066033
1.9883133,0.46657157,0.46657157
1.8681043,0.38696286,0.20785335
1.7019308,0.88648224,0.8832472
4.1397643,2.7091062,2.2957413
2.2699616,0.06876925,0.06396854
1.1321799,0.061818887,0.061818887
