initial,last,min
1.9934629,0.5701574,0.07861719
1.9192598,0.16470976,0.08760711
2.8855152,0.8354974,0.41091457
2.957711,1.4993432,1.3391669
1.9515196,0.8758448,0.8758448
1.8718272,1.0224965,1.0093805
1.7000436,0.09002227,0.08330743
4.128837,2.175143,1.9650236
2.271206,1.2894937,1.2103797
1.1679873,0.8774883,0.72639424
