initial,last,min
1.9934629,0.69655985,0.14401506
1.9201826,0.36727944,0.18513884
2.931683,0.5838227,0.5460498
2.8035007,1.6325839,1.2680128
1.9608872,1.1122733,0.9727933
1.8599106,1.0993594,0.69073486
1.6950716,0.48882717,0.48882717
4.1370554,2.1414402,1.8087196
2.2690184,0.16258046,0.16067062
1.1693245,0.2609343,0.13985367
