initial,last,min
1.9727285,0.16907974,0.16907974
1.9275682,0.9492405,0.9252702
2.9344032,0.43630365,0.40576372
2.961222,1.7775617,1.2168701
1.9769763,1.2436751,1.037977
1.8559734,0.929775,0.92285854
1.6876092,0.79456663,0.7061046
4.12247,2.30911,2.1305058
2.251917,0.18345238,0.11802601
1.169827,0.6807513,0.67223746
