initial,last,min
2.0384123,0.10825586,0.05951888
1.9851246,0.1683134,0.14142239
3.1104918,0.45158893,0.4362487
3.0320284,0.6217781,0.6217781
2.0525677,0.8715539,0.8198267
