initial,last,min
2.0611224,0.044401024,0.03347062
1.9687742,0.86089253,0.5424696
3.1310012,0.99146247,0.39785254
3.0162191,1.8011696,1.257846
2.088021,0.3001631,0.3001631
