initial,last,min
2.067853,1.2529453,0.044791687
2.0762415,1.0586337,0.6173243
3.1122792,2.7394154,0.93833315
3.0381143,1.1197772,1.1197772
2.0204597,1.1575952,0.995177
