initial,last,min
2.0336595,0.16648538,0.11442799
1.9863188,0.19547264,0.19547264
3.0716064,0.12434644,0.11333834
3.0337656,0.7452876,0.6216218
2.054282,1.0515417,0.7579178
