initial,last,min
2.0526013,0.080864884,0.055383485
1.9858757,1.0838953,0.7261556
3.1208632,1.2692695,1.2604287
3.0572124,1.0812298,0.96873146
2.0121906,1.4347072,1.0328726
