initial,last,min
2.0566072,0.5620821,0.5620821
1.9934351,0.11424507,0.09424014
3.1203558,0.40269256,0.23694067
3.0964866,1.0777785,0.9767401
2.0243561,0.73812264,0.73812264
