initial,last,min
2.0430348,0.3276815,0.12673756
1.9766257,0.48161316,0.042256314
3.1368535,1.0565653,0.5702825
2.947819,1.2433019,0.91133213
2.1413898,0.6217651,0.518382
