initial,last,min
2.0216687,0.04342745,0.02757341
2.0260806,1.4446118,0.7040863
3.1399226,0.7609077,0.21749744
2.9904823,0.30440733,0.04971724
2.052947,0.53829116,0.39333105
