initial,last,min
2.067853,0.49615803,0.2009863
1.9438368,1.1124369,0.92452455
3.11507,0.24987398,0.24987398
3.0617862,0.48342958,0.4732772
2.0292354,1.1074799,0.73936194
