initial,last,min
2.067853,0.04535762,0.03841196
2.0260806,1.0089474,0.9156874
3.1233904,0.4121971,0.38374054
2.987021,0.17576262,0.1652463
2.024839,0.85629076,0.84387445
