initial,last,min
2.0443141,1.0222337,1.0222337
1.9947904,0.32644287,0.15628609
3.1044507,1.2837555,1.28227
3.0404117,0.19045994,0.090998955
2.0448844,0.90271246,0.69670504
