initial,last,min
2.0611224,0.16911252,0.04682192
2.0104425,0.9471768,0.9269082
3.141948,0.36723605,0.36323184
3.0276363,1.313541,1.110413
2.0422041,1.2156664,1.0445752
