initial,last,min
2.0741856,0.66428655,0.66428655
1.9851246,1.1107585,1.097981
3.0870323,0.3252097,0.3252097
3.0183303,1.1163685,1.1033007
2.0377035,0.33830816,0.2599188
