initial,last,min
2.0280387,0.06426125,0.04280563
1.9886845,0.31105974,0.066892125
3.1080973,0.33186704,0.3224471
3.0353317,1.1724721,1.1724721
2.0197477,0.589632,0.58244437
