initial,last,min
2.0611224,1.2234108,0.9747677
1.973195,1.7571875,0.92124546
3.065726,1.3497927,1.3497927
3.056584,1.7720251,1.3171378
2.0441775,0.72296464,0.6140089
