initial,last,min
2.0103092,0.39924753,0.3577016
1.9438368,0.9623409,0.96188474
3.130749,1.6974187,1.2475863
3.0617862,0.8768134,0.72024685
2.043908,0.86630183,0.8466134
