initial,last,min
2.0414405,0.071959786,0.03572459
1.9438368,0.736826,0.621522
3.1255357,1.2861774,0.8247089
3.0267355,1.7372789,0.8209996
2.0214462,0.8141077,0.6132847
