initial,last,min
2.0505195,0.258305,0.09906379
1.9931153,0.21268594,0.072902635
3.1198623,1.4528549,1.4492601
3.0632775,1.4671685,1.2740878
2.023009,0.85162085,0.7689454
