initial,last,min
2.0323632,0.109338984,0.0639882
1.993631,0.07232613,0.071745366
3.109048,1.6518731,1.0829233
3.0049477,0.6075614,0.31480694
2.0458994,0.6005108,0.6005108
